0x1D,____,____,____,____,____,____,____,____,____,____,____,____,____,____,____
____,____,____,____,____,____,____,____,____,____,____,____,____,____,____,____
____,____,____,____,____,____,____,____,____,____,____,____,____,____,____,____
____,____,____,____,____,____,____,____,____,____,____,____,____,____,____,____
____,____,____,____,____,____,____,____,____,____,____,____,____,____,____,____
____,____,____,____,____,____,____,0x70,0x06,____,____,____,____,____,____,____
____,____,____,____,____,____,____,0x80,0x81,0x82,____,____,____,____,____,____
____,____,____,____,____,____,____,0x90,0x91,0x92,____,____,____,____,____,____
____,____,____,____,____,____,____,____,____,____,____,____,____,____,____,____
____,____,____,____,____,____,____,____,____,____,____,____,____,____,____,____
____,____,____,____,____,____,____,____,____,____,____,____,____,____,____,____
____,____,____,____,____,____,____,____,____,____,____,____,____,____,____,____
____,____,____,____,____,____,____,____,____,____,____,____,____,____,____,____
____,____,____,____,____,____,____,____,____,____,____,____,____,____,____,____
____,____,____,____,____,____,____,____,____,____,____,____,____,____,____,____
____,____,____,____,____,____,____,____,____,____,____,____,____,____,____,____
